"Year";"Type";"Area";"Activity";"Sex ";"Age";"Injury";"Fatal (Y/N)";"Species "
2019;"Unprovoked";"Eastern Cape Province";"Surf skiing ";"M";;"No injury, shark bit surf ski";"N";
2019;"Watercraft";"Eastern Cape Province";"Kayaking fishing";"M";;"No injury, kayak damaged";"N";"White shark, 4 m"
2019;"Unprovoked";"Eastern Cape Province";"Surfing";"M";"20's";"Leg injured";"N";"White shark, juvenile"
2019;"Provoked";"Eastern Cape Province";"Fishing";"M";46;"Lacerations to arm from shark caught in trawl net  PROVOKED INCIDENT";"N";"2.5 m shark"
2019;"Watercraft";"KwaZulu-Natal";"Fishing";"M";;"No  injury to occupants, shark bit pontoon causing it to deflate.";"N";
2018;"Unprovoked";"KwaZulu-Natal";"Fishing";"M";41;"Surf-ski bitten but no injury to occupant";"N";"White shark, 3m"
2018;"Unprovoked";"Eastern Cape Province";"Surfing";"M";;"Minor injury, marks on board";"N";
2018;"Unprovoked";"Western Cape Province";"Surf-skiing";"M";33;"No injury, shark bit hole in ski";"N";"White shark, 2.5 m"
2018;"Unprovoked";"Eastern Cape Province";"Surfing";"M";19;"Lacerations to left knee & lower leg";"N";"White shark"
2018;"Unprovoked";"KwaZulu-Natal";"Scuba Diving";"M";38;" The shark & man simply collided; neither were injured";"N";"Blacktip shark"
2017;"Invalid";"Western Cape Province";"Scuba Diving";"M";31;"FATAL, but death was probably due to drowning";;
2017;"Invalid";"Western Cape Province";"Scuba Diving";"M";25;"FATAL, but death was probably due to drowning";;
2017;"Unprovoked";"Western Cape Province";"Swimming, poaching abalone";"M";;"FATAL";"Y";
2017;"Unprovoked";"Eastern Cape Province";"Surfing";"F";13;"No injury, shark bit surfboard";"N";"White shark, 2.5 m"
2017;"Unprovoked";"Western Cape Province";"Surfing";"M";14;"Minor injury to right calf";"N";
2017;"Invalid";"KwaZulu-Natal";"Scuba Diving";"M";68;"Fatal, coroner unable to determine if the diver was alive or had drowned when incident took place.";;"Shark involvement prior to death not confirmed"
2017;"Watercraft";"KwaZulu-Natal";"Fishing";"M";;"Shark damaged kayak, no injury to occupant";"N";"Tiger shark"
2016;"Unprovoked";"Western Cape Province";"Surf skiing ";"M";55;"No injury, but ski severely damaged";"N";"White shark, 4 m"
2016;"Unprovoked";"Western Cape Province";"Spearfishing";"M";43;"Injuries to left leg & right hand";"N";"White shark"
2016;"Unprovoked";"Western Cape Province";"Surf-skiing";"M";;"No injury, surf-ski bitten";"N";"White shark"
2016;"Watercraft";"KwaZulu-Natal";"Fishing";"M";;"No injury, shark capsized kayak";"N";
2015;"Watercraft";"KwaZulu-Natal";"Fishing";"M";;"No injury, kayak damaged";"N";"White shark, 3 m"
2015;"Unprovoked";"Eastern Cape Province";"Swimming / Wading";"F";22;"Lacerations to both hands and forearms";"N";
2015;"Unprovoked";"Western Cape Province";"Surfing";"M";42;"Lacerations to right calf, knee & hip";"N";"White shark, 3 to 3.5m "
"2015";"Unprovoked";"Eastern Cape Province";"Surfing";"M";34;"No injury";"N";"White shark"
"2015";"Unprovoked";"Western Cape Province";"Body Boarding";"M";"19";"Right leg severed, multiple lacerations to left leg";"N";"White shark"
"2015";"Unprovoked";"Western Cape Province";"Surfing";"M";"23";"Multiple lacerations to torso & leg";"N";"White shark, 2m to 3 m"
"2015";"Unprovoked";"Eastern Cape Province";"Diving";"M";"29";"Injuries to leg, left arm & both hands";"N";"White shark, 3.5 m"
"2015";"Watercraft";"Eastern Cape Province";"Kayak Fishing";"M";"36";"No injury but kayak bitten";"N";"White shark, 4 m"
"2015";"Unprovoked";"Eastern Cape Province";"Floating";"M";"24";"Foot bitten";"N";
"2015";"Unprovoked";"Eastern Cape Province";"Surfing";"M";"15";"Lacerations to lower left leg, puncture wounds to sole of left foot";"N";"Raggedtooth shark, 1.3 m"
"2014";"Invalid";"KwaZulu-Natal";"Swimming";;;"Minor cuts on feet";;"Shark involvement not confirmed & highly unlikely"
"2014";"Unprovoked";"Western Cape Province";"Surfing";"M";"20";"Lower limbs & thigh bitten";"N";"White shark"
"2014";"Unprovoked";"Western Cape Province";"Diving";;;"4-inch laceration to arm";"N";"Cow shark"
"2014";"Watercraft";;"Shark watching";;;"No injury to occupants, shark bit pontoon";"N";"White shark"
"2014";"Provoked";"Eastern Cape Province";"Fishing";"M";;"Lacerations to leg & hand by hooked shark PROVOKED INCIDENT";"N";" Raggedtooth shark, 2m"
"2014";"Unprovoked";"Eastern Cape Province";"Swimming";"M";"66";"FATAL";"Y";"2 m shark"
"2013";"Unprovoked";"Western Cape Province";"Surfing";"M";"19";"Injuries to left thigh";"N";"White shark, 3m "
"2013";"Unprovoked";"Eastern Cape Province";"Swimming / snorkeling";"M";"74";"FATAL";"Y";"White shark"
"2013";"Unprovoked";;"Attempting to free the shark";"M";;"Unknown, but survived";"N";"Blacktip shark"
"2013";"Unprovoked";"Eastern Cape Province";"Surfing";"M";;"Lacerations to knee";"N";
"2013";"Unprovoked";"Western Cape Province";"Free diving";"M";;"""Light scratch on hand/wrist area""";"N";"Blue shark"
"2013";"Provoked";"Western Cape Province";"Fishing - 'tag & release'";"M";"30";"Lacerations to left calf and heel from hooked shark PROVOKED INCIDENT";"N";"Raggedtooth shark, 1.5 m"
"2013";"Unprovoked";"Western Cape Province";"Surfing";"M";;"No injury, surfboard bitten";"N";
"2013";"Unprovoked";"Eastern Cape Province";"Swimming";"M";"39";"Injuries to arms & hands";"N";
"2012";"Unprovoked";"Eastern Cape Province";"Swimming";"M";"20";"FATAL";"Y";"Tiger shark"
"2012";"Unprovoked";"Western Cape Province";"Surfing";"M";"29";"Lacerattions to left thigh & knee";"N";"15' shark"
"2012";"Unprovoked";"Western Cape Province";"Body boarding";"M";"20";"FATAL";"Y";"White shark, 4 m to 5m "
"2012";"Watercraft";"Western Cape Province";"Fishing";;;"No injury to occupants, boat damaged";"N";"White shark, 7m"
"2012";"Unprovoked";"Eastern Cape Province";"Swimming";"M";"25";"FATAL";"Y";"Thought to involve a bull shark"
"2011";"Watercraft";"Eastern Cape Province";"Kayak Fishing";"M";"35";"No injury but kayak dented";"N";
"2011";"Invalid";"KwaZulu-Natal";"Surf skiing ";"M";;"No injury, ski damaged";;"Shark involvement not confirmed"
"2011";"Provoked";"KwaZulu-Natal";"Diving";;;"Arm bitten by captive shark PROVOKED INCIDENT";"N";"Raggedtooth shark"
"2011";"Unprovoked";"Western Cape Province";"Swimming";"M";"43";"Right leg severed, left leg lacerated";"N";"White shark"
"2011";"Unprovoked";"Western Cape Province";"Surfing";"M";"49";"FATAL";"Y";"White shark, >6'"
"2011";"Unprovoked";"Eastern Cape Province";"Surfing";"M";"29";"Upper left arm & right leg bitten";"N";"White shark, 3m to 4m"
"2011";"Unprovoked";"KwaZulu-Natal";"Scuba diving";"M";"22";"Severe lacerations to hands and  left leg";"N";"Bull shark, 3m female"
"2011";"Unprovoked";"Western Cape Province";"Surfing";"M";"33";"No injury, board bumped by shark";"N";"White shark"
"2011";"Unprovoked";"KwaZulu-Natal";"Spearfishing";"M";"28";"Thigh bitten, FATAL";"Y";"Zambesi shark"
"2011";"Unprovoked";"KwaZulu-Natal";"Spearfishing";"M";"37";"Calf bitten";"N";
"2011";"Unprovoked";"Eastern Cape Province";"Surf fishing";"M";"37";"Right leg bitten";"N";
"2011";"Unprovoked";"Eastern Cape Province";"Surfing";"M";"16";"FATAL";"Y";
"2010";"Unprovoked";"Western Cape Province";"Surfing";"M";"Teen";"3 lacerations to foot";"N";
"2010";"Unprovoked";"Western Cape Province";"Swimming";"M";"29";"FATAL";"Y";"White shark"
"2010";"Unprovoked";"KwaZulu-Natal";"Snorkeling";"F";"21";"Left leg bitten";"N";
"2010";"Unprovoked";"Eastern Cape Province";"Surfing";"M";"35";"Both feet bitten";"N";"2 m shark"
"2010";"Unprovoked";"Eastern Cape Province";"Surfing";"M";;"Lacerations to right leg";"N";"3 m shark"
"2010";"Unprovoked";"Western Province";"Standing";"M";"37";"FATAL";"Y";"White shark"
"2010";"Unprovoked";"Eastern Province";"Surfing";"M";;"No injury, reportedly knocked of his board by a shark";"N";
"2009";"Unprovoked";"Eastern Cape  Province";"Wading";"M";"20";"Lacerations to  left foot";"N";
"2009";"Unprovoked";"Eastern Cape Province";"Paddling on kneeboard";"M";"22";"FATAL";"Y";
"2009";"Invalid";"KwaZulu-Natal";"Surfing";"M";;"Minor lacerations to left leg. nitially reported as a shark bite, but involved a barracuda";;"No shark involvement"
"2009";"Unprovoked";"Western Cape Province";"Surfing";"M";"25";"FATAL";"Y";"White shark"
"2009";"Unprovoked";"KwaZulu-Natal";"Body boarding";"M";;"No injury, shark bit bodyboard";"N";"White shark, 2m"
"2009";"Unprovoked";"Western Cape Province";"Surfing";"M";"37";"Leg bitten";"N";
"2009";"Invalid";"KwaZulu-Natal";"Swimming";"M";"24";"Body not recovered";;"Shark involvement not confirmed"
"2009";"Provoked";"Eastern Cape Province";"Fishing ";"M";"59";"Calf bitten while helping angler measure the shark during fishing competition PROVOKED INCIDENT";"N";"Raggedtooth shark"
"2009";"Unprovoked";"Eastern Cape Province";"Surfing";"M";"16";"FATAL";"Y";
"2009";"Provoked";"Western Cape Province";"Fishing";"M";"40";"Lacerations to arm and 2 fingers by hooked shark PROVOKED INCIDENT";"N";"Blue shark, 1m"
"2009";"Unprovoked";"Eastern Cape Province";"Swimming";"M";"25";"FATAL";"Y";"Tiger shark"
"2009";"Unprovoked";"Western Cape Province";;;;"FATAL";"Y";"White sharks"
"2008";"Provoked";"Western Cape Province";"Fishing";"M";"15";"Lacerations to knees, thigh and hip by hooked shark PROVOKED iNCIDENT  ";"N";"Raggedtooth shark, 2m"
"2008";"Unprovoked";;;"M";;"Lacerations to fingers";"N";"White shark"
"2008";"Unprovoked";"Western Cape Province";"Surf skiing ";"M";"46";"No injury, ski bitten";"N";"White shark, 2m"
"2008";"Unprovoked";"Western Cape Province";"Spearfishing (free diving)";"M";;"No injury";"N";"White shark, 4.5m"
"2008";"Provoked";;"Fishing";"M";"24";"Leg bitten by shark taken aboard Japanese trawler PROVOKED INCIDENT";"N";
"2008";"Invalid";"KwaZulu-Natal";"Free-diving";"M";;"As he pushd the shark away from his camera, his finger was cut on a tooth";;"Tiger shark, 13' female"
"2008";"Unprovoked";"KwaZulu-Natal";"Fishing from surfski";"M";"39";"Right leg bitten";"N";
"2008";"Unprovoked";"KwaZulu-Natal";"Surf-skiing";"M";"42";"No injury to surf-skiier, shark holed ski";"N";"Blacktip shark, 2m"
"2007";"Unprovoked";"Western Cape Province";"Surfing";"M";"14";"Lacerations to feet";"N";"1.5 to 2 m shark"
"2007";"Unprovoked";"Eastern Cape Province";"Surfing";"M";"37";"Lacerations to thigh";"N";"White shark, 3m to 4m"
"2007";"Unprovoked";"Eastern Cape Province";"Swimming / Body Surfing";"M";"24";"Presumed FATAL, body not recovered";"Y";"Tiger shark"
"2006";"Provoked";"KwaZulu-Natal";"Fishing";"M";"25";"Hand, thigh & calf bitten by hooked shark PROVOKED INCIDENT";"N";"Raggedtooth shark, 150-kg"
"2006";"Provoked";"Eastern Cape Province";"Canoeing";"M";;"Left arm lacerated when he grabbed shark by its tail PROVOKED INCIDENT";"N";"Bull shark, 1.5m "
"2006";"Invalid";"Western Cape Province";"Spearfishing";"M";"36";"No injury; 4m white shark made a threat display";;"Invalid"
"2006";"Unprovoked";"Western Cape Province";"Surfing";"M";"37";"No injury, shark rammed surfboard";"N";"White shark, 3.5m "
"2006";"Unprovoked";"Western Cape Province";"Surfing";"M";;"No injury, surfboard leash severed";"N";"5 m shark"
"2006";"Unprovoked";"Western Cape Province";"Lifesaving drill";"M";"24";"Foot severed";"N";"White shark"
"2006";"Unprovoked";"Western Cape Province";"Surf-skiing";"M";"19";"No injury, surf ski bitten";"N";"White shark, 3m to 4m"
"2006";"Unprovoked";"Eastern Cape Province";"Body boarding";"M";"15";"Leg bitten";"N";"Raggedtooth shark, 2.5 m to 3 m "
"2006";"Invalid";"Eastern Cape Province";"Swimming";"M";"17";"FATAL, but shark involvement prior to death unconfirmed";;"Shark involvement prior to death was not confirmed"
"2006";"Unprovoked";"Eastern Cape Province";"Surfing";"M";"15";"2 bite marks on right calf";"N";"Raggedtooth shark"
"2006";"Unprovoked";"Eastern Cape Province";"Spearfishing";"M";"34";"Right arm  bitten";"N";
"2006";"Unprovoked";"Western Cape Province";"Diving for crayfish";"M";"49";"Lacerations to little finger";"N";"Said to involve a 1.5 m shark"
"2005";"Unprovoked";"Eastern Cape Province";"Surfing";"M";"26";"Cut on finger, board bitten";"N";
"2005";"Provoked";"Eastern Cape Province";"Fishing for sharks";"M";"32";"Lacerations to hands & right leg when he tried to pull shark from the water PROVOKED INCIDENT";"N";"Raggedtooth shark, 2.5m "
"2005";"Unprovoked";"Western Cape Province";"Standing / Surfing";"M";"20";"Right foot bitten";"N";"3 m shark"
"2005";"Unprovoked";"Western Cape Province";"Surf-skiing";"M";"52";"No injury, shark bit ski";"N";"White shark"
"2005";"Invalid";"Western Cape Province";;;;"Human foot recovered from the water";;"Shark involvement prior to death was not confirmed"
"2005";"Unprovoked";"Western Cape Province";"Spearfishing (Free diving)";"M";"22";"FATAL";"Y";"White shark"
"2005";"Unprovoked";"Eastern Cape Province";"Surfing";"M";"32";"Left buttock  & legs lacerated ";"N";"Raggedtooth shark"
"2005";"Unprovoked";"Western Cape Province";"Surfing";"M";"32";"Lacerations to right calf, puncture wounds on right foot";"N";"4 m [13'] shark"
"2005";"Invalid";"KwaZulu-Natal";;"M";"51";"Bites by 2.5 m tiger shark were post mortem";;"Invalid"
"2004";"Unprovoked";"Eastern Cape Province";"Surfing";"M";"20";"3 lacerations on foot";"N";"Raggedtooth shark"
"2004";"Unprovoked";"Eastern Cape Province";"Playing";"M";"16";"Lacerations on lower leg & foot";"N";"Raggedtooth shark"
"2004";"Unprovoked";"Western Cape Province";"Swimming";"F";"77";"FATAL";"Y";"6 m [20'] white shark"
"2004";"Unprovoked";"Western Cape Province";"Chumming for white sharks";"M";"52";"Right ankle & foot lacerated";"N";"2 m [6.75'] white shark"
"2004";"Unprovoked";"Eastern Cape Province";"Surfing";"M";"34";"Puncture wounds on right foot";"N";"Raggedtooth shark, 1.5 to 2 m [5' to 6.75']"
"2004";"Watercraft";"KwaZulu-Natal";"Fishing";;;"No injury to occupants; boat damaged";"N";"3 m to 4 m [10' to 13']  white shark"
"2004";"Unprovoked";"Western Cape Province";"Swimming, poaching perlemoen";"M";"21";"FATAL, leg severed ";"Y";"White shark"
"2004";"Unprovoked";"Western Cape Province";"Surfing";"M";"16";"Left leg lacerated, right leg severed above the knee ";"N";"5 m [16.5'] white shark"
"2004";"Watercraft";"KwaZulu-Natal";"Surf skiing";"M";;"No injury to occupants, stern of ski bitten";"N";"Mako shark, 3 m to 4 m [10' to 13'] "
"2004";"Unprovoked";"Eastern Cape Province";"Surfing";"M";"22";"Foot lacerated";"N";"Raggedtooth shark"
"2003";"Watercraft";"KwaZulu-Natal";;;;"No injury to occupants";"N";"Shortfin mako shark"
"2003";"Unprovoked";"KwaZulu-Natal";"Spearfishing";"M";"21";"Presumed FATAL, severed hand recovered";"Y";"Tiger shark, 4 m [13']  ?"
"2003";"Unprovoked";"KwaZulu-Natal";"Surf skiing";;;"No injury to occupants, hull of ski bitten";"N";"White shark"
"2003";"Watercraft";"Western Cape Province";"Fishing ";;"36 & 26";"No injury to occupants, shark bit boat";"N";"2 m cow shark"
"2003";"Unprovoked";"Western Cape Province";"Body boarding";"M";"19";"FATAL, left thigh, buttocks, back of spine, abdomen & chest bitten  ";"Y";"White shark"
"2003";"Unprovoked";"Eastern Cape Province";"Sitting on surfboard";"M";"16";"No injury, wetsuit torn & board bitten";"N";"3.5 m [11.5'] white shark"
"2003";"Invalid";"Western Cape Province";"Unknown";"M";"14";"Probable scavenging. The boy disappeared while at the beach on January 1st. His decomposed shark-bitten body washed ashore January 17th";;"Shark involvement prior to death was not confirmed"
"2002";"Unprovoked";"Western Cape Province";"Snorkeling";"M";"25";"Forearms lacerated";"N";"White shark, 4 m white shark"
"2002";"Unprovoked";"Western Cape Province";"Surf skiing";"M";"47";"No injury";"N";"White shark"
"2002";"Unprovoked";"KwaZulu-Natal between Port Edward and Port St Johns";"Snorkeling (filming the sardine run)";"M";"50";"Upper arm bitten";"N";"1.5 to 2.5 m [5' to 8.25'] copper shark"
"2002";"Unprovoked";"KwaZulu-Natal";"Fishing";"M";"16";"Leg bitten & surgically amputated";"N";"Zambesi shark?"
"2002";"Unprovoked";"KwaZulu-Natal";"Surf skiing";"M";"26";"Foot & calf bitten";"N";"Unidentified"
"2001";"Unprovoked";"KwaZulu-Natal";"Kite-Boarding";"M";;"No injury";"N";"Mako shark, 2 m [6.75'] "
"2001";"Unprovoked";"Eastern Cape Province";"Surfing";"M";"26";"Leg bitten";"N";"White shark, 2.7 m to 3 m [9' to 10'] "
"2001";"Unprovoked";"Eastern Cape Province";"Surfing";"M";"46";"Thigh, hip & buttock bitten";"N";"White shark, 2.7 m [9'] "
"2000";"Unprovoked";"Western Cape Province";"Free diving";"M";"48";"Swim fin bitten";"N";"White shark, 3.5 m [11.5']  male "
"2000";"Unprovoked";"Eastern Cape Province";"Surfing";"M";"15";"Hand lacerated";"N";
"2000";"Unprovoked";"Eastern Cape Province";"Surfing";"M";"18";"No injury, flung off board";"N";
"2000";"Unprovoked";"KwaZulu-Natal";"Surfing";"M";;"No Injury";"N";
"2000";"Unprovoked";"Western Cape Province";"Body surfing";"M";;"Foot bitten";"N";"White shark, 2.5 m "
"1999";"Unprovoked";"KwaZulu-Natal";"Surfing";"M";"35";"Lower legs lacerated";"N";"White shark, 3 m [10'] "
"1999";"Unprovoked";"Western Cape Province";"Surfing";"M";"42";"Right thigh bitten";"N";"White shark, 3 m to 5 m [10' to 16.5'] "
"1999";"Unprovoked";"Western Cape Province";"Boogie boarding";"M";"14";"FATAL";"Y";"White shark"
"1999";"Unprovoked";"Eastern Cape Province";"Surfing";"M";"29";"Leg & board bitten";"N";"White shark, 4 m [13'] "
"1999";"Unprovoked";"Eastern Cape Province";"Paddle Skiing";"M";;"No Injury, ski bitten";"N";"White shark, 4 m [13'] "
"1999";"Unprovoked";"Western Cape Province";"Spearfishing";"M";"30";"Heel lacerated";"N";"White shark, 4.6 m [15'] "
"1998";"Unprovoked";"Eastern Cape Province";"Surfing";"M";"18";"Leg bitten";"N";"Possibly a white shark"
"1998";"Unprovoked";"Eastern Cape Province";"Splashing";"M";"14";"Right leg bitten";"N";
"1998";"Unprovoked";"Eastern Cape Province";"Surfing";"M";"30";"No injury, surfboard bitten";"N";
"1998";"Unprovoked";"Eastern Cape Province";"Fishing / washing bait off hands";"M";;"Laceration to right foot";"N";
"1998";"Provoked";"Transvaal";"Moving a shark in a net ";"M";;"Lacerations to right shin  PROVOKED INCIDENT";"N";"Sandtiger shark, 2 m, male "
"1998";"Unprovoked";"Western Cape Province";"Surfing (or body boarding)";"M";"19";"Legs bitten";"N";"White shark, 4 m [13'] "
"1998";"Unprovoked";"Western Cape Province";"Spearfishing";"M";"24";"Leg bitten";"N";"White shark, 4.9 m [16']"
"1998";"Unprovoked";"Western Cape Province";"Wading";"M";"47";"Right leg bitten";"N";"Raggedtooth shark, 1.2 m [4'] "
"1998";"Unprovoked";"Eastern Cape Province";"Surfing";"M";"16";"Knee bitten";"N";"5' to 6' shark"
"1998";"Unprovoked";"Western Cape Province";"Surfing";"M";"10";"Right leg bitten";"N";"Raggedtooth shark, 1.2 m [4'] "
"1998";"Unprovoked";"Eastern Cape Province";"Body Boarding";"M";"20";"FATAL, hands & calf bitten  ";"Y";"White shark"
"1998";"Unprovoked";"Eastern Cape Province";"Surfing";"M";;"Survived";"N";
"1998";"Unprovoked";"Eastern Cape Province";"Surfing";"M";"17";"Minor laceration on foot";"N";
"1998";"Unprovoked";"Eastern Cape Province";"Body boarding";"M";"15";"Right shoulder & arm bitten";"N";"3 m to 4 m [10' to 13'] white shark"
"1998";"Unprovoked";"Eastern Cape Province";"Body boarding";"M";"16";"Leg bitten";"N";"Unidentified"
"1998";"Unprovoked";"Western Cape Province";"Body boarding";"M";"22";"Lower legs bitten, foot severed";"N";"4 m [13'] white shark"
"1998";"Unprovoked";"Western Cape Province";"Snorkeling – hunting crayfish and abalone";"M";"33";"Lower leg lacerated";"N";"3 m [10'] white shark"
"1998";"Unprovoked";"Eastern Cape Province";"Surfing";"M";"21";"Calf & foot lacerated";"N";
"1998";"Unprovoked";"Eastern Cape Province";"Surfing";"M";"28";"FATAL";"Y";
"1997";"Unprovoked";"Western Cape Province";"Spearfishing";"M";"39";"FATAL";"Y";"White shark"
"1997";"Unprovoked";"Eastern Cape Province";"Sitting on surfboard";"M";;"Calf bitten";"N";
"1997";"Watercraft";"Eastern Cape Province";"Fishingat";;;"No injury, hooked shark bit their 4.8 m inflatable boat";"N";"Soupfin shark"
"1997";"Unprovoked";"Eastern Cape Province";"Surfing";"M";"25";"FATAL";"Y";"4.5 m white shark"
"1996";"Unprovoked";"Eastern Cape Province";"Surfing";"M";;"Elbow bitten";"N";"White shark"
"1996";"Provoked";"KwaZulu-Natal";"Spearfishing";"M";"29";"No injury  PROVOKED INCIDENT";"N";"White shark"
"1996";"Unprovoked";"KwaZulu-Natal";"Surfing";"M";;"Survived";"N";
"1996";"Unprovoked";"Western Cape Province";"Surfing";"M";"17";"Leg bitten";"N";"2.5 m [8.25'] white shark "
"1984";"Unprovoked";"Eastern Cape Province";"Surfing";"M";"14";"Wetsuit lacerated";"N";
"1995";"Unprovoked";"Eastern Cape Province";"Swimming";"M";"22";"Lacerations to lower leg & foot";"N";"Raggedtooth shark"
"1995";"Unprovoked";"KwaZulu-Natal";"Swimming";"M";"14";"FATAL, right thigh bitten & femur exposed, shallow lacerations on right calf & left thigh & fingers lacerated ";"Y";"Tiger shark, 1.8 m [6'] "
"1995";"Invalid";;"Diving";"M";"33";"Reportedly lost lower right leg as result of shark bite";;"Shark involvement not confirmed"
"1994";"Unprovoked";"Western Cape Province";"Body boarding";"M";"26";"No injury, board bitten";"N";"5.5 m [18'] white shark"
"1994";"Unprovoked";"Western Cape Province";"Spearfishing";"M";;"No injury";"N";"Raggedtooth shark, 2.7 m [9'] "
"1994";"Unprovoked";"Eastern Cape Province";"Surfing";"M";"22";"FATAL, leg severed ";"Y";"4 m [13'] white shark"
"1994";"Unprovoked";"Eastern Cape Province";"Surfing";"M";"31";"Buttock & leg bitten";"N";"4 m [13'] white shark"
"1994";"Unprovoked";"Western Cape Province";"Spearfishing";"M";;"FATAL  ";"Y";"4.9 m white shark"
"1994";"Unprovoked";"Western Cape Province";"Spearfishing";"M";;"Swim fin bitten";"N";"3 m [10'] shark"
"1994";"Unprovoked";"Eastern Cape Province";"Surfing";"M";"15";"Leg bitten ";"N";"3 m [10'] white shark"
"1994";"Unprovoked";"Eastern Cape Province";"Windsurfing";"M";"44";"Calf bitten";"N";
"1994";"Unprovoked";"KwaZulu-Natal";"Swimming ";"M";"33";"Foot bitten";"N";"1.3 m [4'3""] shark"
"1993";"Unprovoked";"Western Cape Province";"Spearfishing";"M";"36";"Calf lacerated";"N";"3 m [10'] white shark"
"1993";"Unprovoked";"Eastern Cape Province";"Surfing";"M";"28";"Puncture wounds on chest";"N";"4 m [13'] white shark"
"1992";"Unprovoked";"Eastern Cape Province";"Surfing";"M";"35";"Punctures & lacerations on lower leg";"N";">2 m shark"
"1992";"Unprovoked";"KwaZulu-Natal";"Swimming ";"M";"19";"Right foot lacerated";"N";"Zambesi shark, 1.7 m [5.5'] "
"1992";"Unprovoked";"KwaZulu-Natal";"Spearfishing";"M";"36";"Left cheek lacerated";"N";"Possibly a 1.5 m [5'] blacktip shark"
"1991";"Unprovoked";"Western Cape Province";"Scuba diving";"M";;"No injury, tank scratched by shark";"N";"3.5 m [11.5'] female white shark named ""Notchfin"""
"1991";"Unprovoked";"Western Cape Province";"Spearfishing";"M";"20";"Foot & swim fin bitten";"N";"5.5 m [18'] white shark"
"1990";"Invalid";"Eastern Cape Province";;"M";;"Survived";;"Questionable incident"
"1990";"Unprovoked";"Western Cape Province";"Spearfishing";"M";"26";"Right hand lacerated";"N";"5 m  [16.5'] white shark"
"1990";"Unprovoked";"Western Cape Province";"Scuba diving (but on surface)";"F";"21";"FATAL, thigh bitten  ";"Y";"4.5 m [14'9""] white shark"
"1990";"Provoked";"KwaZulu-Natal";"Fishing";;;"No injury to occupants, hooked shark freed itself, then rammed stern of boat PROVOKED INCIDENT";"N";"6 m, 600-kg shark"
"1990";"Unprovoked";"Eastern Cape Province";"Resting on surfboard";"M";"22";"Thigh severely lacerated";"N";"5.5 m [18'] white shark, identified by witnesses & tooth marks"
"1990";"Unprovoked";"Eastern Cape Province";"Lying on surfboard & paddling";"M";"23";"Leg bitten";"N";"2.3 m [7.5'] white shark, identified by M. Smale"
"1989";"Unprovoked";"Western Cape Province";"Free diving & spearfishing";"M";"29";"FATAL";"Y";"White shark"
"1989";"Unprovoked";"Western Cape Province";"Free diving";"M";"29";"Chest lacerated";"N";"White shark, identified by tooth pattern"
"1989";"Unprovoked";"Western Cape Province";"Surfing";"M";"21";"Multiple Injuries";"N";">3.4 m [11'] white shark"
"1989";"Unprovoked";"Eastern Cape Province";"Surfing";"M";"34";"Torso bitten";"N";"2.5 m [8.25'] white shark"
"1989";"Unprovoked";"Eastern Cape Province";"Surfing";"M";"16";"No injury, board bitten";"N";"3 m [10'] white shark"
"1989";"Unprovoked";"Eastern Cape Province";"Free diving";"M";"28";"Forearm bitten";"N";"2.5 m [8.25'] white shark"
"1989";"Provoked";"Western Cape Province";"Fishing";"M";;"Thigh lacerated & abraded  PROVOKED INCIDENT";"N";"3 m [10'] gaffed shark"
"1989";"Unprovoked";"KwaZulu-Natal";"Windsurfing";"M";"26";"Foot bruised & minor lacerations";"N";
"1989";"Unprovoked";"KwaZulu-Natal";"Lifesaving drill";"M";"19";"Thigh bitten";"N";
"1988";"Unprovoked";"Western Cape Province";"Spearfishing";"M";"36";"Left arm lacerated";"N";"White shark"
"1988";"Invalid";"KwaZulu-Natal";;"F";;"Arm washed ashore. scratch marks on the humerus indicated it had been bitten by a shark, but cause of death could not be determined.";;"Shark involvement prior to death was not confirmed"
"1988";"Unprovoked";"KwaZulu-Natal";"Surfing";"M";"17";"Lower left leg bitten, hand lacerated";"N";"1.5 m to 2 m [5' to 6.75'] shark"
"1988";"Watercraft";"KwaZulu-Natal";;;;"No injury to occupants, pontoon puctured";"N";"Raggedtooth shark, 2 m "
"1988";"Unprovoked";"Eastern Cape Province";"Surfing";"M";"20";"Ankle bitten";"N";"1 m ""grey-colored"" shark"
"1988";"Unprovoked";"KwaZulu-Natal";"Lying atop surfboard";"F";"15";"Leg bitten, surgically amputated";"N";"Zambezi shark (tooth fragments recovered)"
"1988";"Invalid";"KwaZulu-Natal";"Surfing";"M";"22";"Minor injury to leg";;"Shark involvement not confirmed"
"1988";"Provoked";"Western Cape Province";"Attempting to lasso shark's tail";"M";"33";"Foot lacerated by hooked shark PROVOKED INCIDENT";"N";"1.5 m copper shark"
"1988";"Provoked";"Western Cape Province";"Returning to shore, collided with shark";;;"No injury to occupants; shark ripped off fibreglass hull, swamping boat PROVOKED INCIDENT";"N";"6 m shark"
"1987";"Invalid";"KwaZulu-Natal";;"M";;"Possible drowning / scavenging";;"Shark involvement prior to death was not confirmed"
"1987";"Invalid";"KwaZulu-Natal";"Boogie boarding";"M";"14";"Abrasion to forearm";;"Questionable incident"
"1987";"Unprovoked";"Western Cape Province";"Spearfishing";"M";"21";"Left thigh & calf lacerated";"N";"White shark"
"1987";"Unprovoked";"Western Cape Province";"Surfing";"M";"24";"Torso lacerated";"N";"3.5 m [11.5']  white shark"
"1987";"Invalid";"KwaZulu-Natal";"Fishing";"M";;"Slipped off rocks & was treading water when he disappeared, body mutilated by shark/s";;"Shark involvement prior to death was not confirmed"
"1987";"Provoked";"Western Cape Province";;;;"No injury to occupants, boat holed by hooked shark PROVOKED INCIDENT";"N";"3 m white shark"
"1987";"Unprovoked";"Eastern Cape Province";"Spearfishing";"M";"30";"Puncture wounds to right hand";"N";">2.5 m [8.25'] white shark"
"1986";"Unprovoked";"Western Cape Province";"Spearfishing";"M";;"2 punctures in lower leg";"N";"Raggedtooth shark, 2.5 m [8.25'] "
"1986";"Unprovoked";"Western Cape Province";"Body boarding";"M";"21";"FATAL, legs bitten ";"Y";"3 m [10'] white shark"
"1986";"Invalid";"Western Cape Province";"Spearfishing";"M";"22";"No injury, no attack, 1.8 m copper shark made threat displays";;"Invalid"
"1986";"Provoked";"KwaZulu-Natal";"NSB Meshing";"M";;"Minor lacerations & puncture wounds to right leg from netted shark taken onboard skiboat PROVOKED INCIDENT";"N";"Raggedtooth shark, 1.96 m, 140-kg "
"1986";"Unprovoked";"KwaZulu-Natal";"Racing ski";"M";"32";"No injury, ski bitten";"N";"1.6 m shark"
"1986";"Invalid";"Western Cape Province";"Spearfishing";"M";"35";"No injury, shark made threat display & impaled itself on spear ";;"Invalid"
"1986";"Unprovoked";"KwaZulu-Natal";"Spearfishing";"M";"26";"Minor lacerations on left hand";"N";"1.2 m [4'] dusky shark"
"1986";"Unprovoked";"KwaZulu-Natal";"Treading water";"M";"26";"Foot bitten";"N";">1 m shark"
"1986";"Unprovoked";"Eastern Cape Province";"Surfing";"M";"23";"No injury, board struck by shark";"N";"2 m [6.75'] shark"
"1986";"Unprovoked";"Eastern Cape Province";"Surfing";"M";"21";"No injury, board bitten";"N";">2.4 m [8'] white shark"
"1986";"Unprovoked";"Eastern Cape Province";"Surfing";"M";;"No injury, knocked off board";"N";
"1986";"Unprovoked";"Eastern Cape Province";"Swimming";"M";"46";"Lower leg lacerated";"N";"Raggedtooth shark"
"1986";"Unprovoked";"Western Cape Province";"Spearfishing";"M";"29";"2 punctures in upper arm";"N";"Raggedtooth shark, 2 m [6.75'] "
"1985";"Unprovoked";"KwaZulu-Natal";"Surfing";"M";;"Both surfers boards were bumped by sharks, Moolman sustained abrasions on his arm and leg";"N";
"1985";"Unprovoked";"Eastern Cape Province";"Body boarding";"M";"22";"Left leg severely lacerated, superficial lacerations of right leg,  board damaged";"N";"2.5 m [8.25'] white shark"
"1985";"Invalid";"KwaZulu-Natal";"Swimming";"M";"21";"Probable drowning / scavenging";;"Shark involvement prior to death was not confirmed"
"1985";"Provoked";"KwaZulu-Natal";"Spearfishing";"M";"39";"After diver shot shark attempting to take his catch, shark bit right arm & tore wetsuit  PROVOKED INCIDENT";"N";"30-kg [66-lb] shark"
"1985";"Unprovoked";"Western Cape Province";"Swimming";"M";"15";"Right knee, calf and ankle lacerated";"N";"Raggedtooth shark"
"1985";"Invalid";"KwaZulu-Natal";;"M";;"Probable drowning / scavenging";;"Shark involvement prior to death was not confirmed"
"1985";"Unprovoked";"KwaZulu-Natal";"Surfing";"M";"18";"Thigh & calf bitten";"N";"3.5 m white shark, tooth fragments recovered"
"1985";"Unprovoked";"Western Cape Province";"Spearfishing";"M";"34";"Minor injury to torso";"N";"3.5 m [11.5'] white shark"
"1985";"Provoked";"KwaZulu-Natal";"Spearfishing";"M";"20";"Upper right arm bitten after he shot the shark PROVOKED INCIDENT";"N";"1.5 m [5'] dusky shark"
"1984";"Invalid";"Western Cape Province";"Spearfishing";"M";"21";"FATAL, but shark involvement prior to death could not be determined";;"Shark involvement prior to death was not confirmed"
"1984";"Unprovoked";"KwaZulu-Natal";"Spearfishing";"M";;"No injury, shark hit swim fin";"N";"Raggedtooth shark "
"1984";"Unprovoked";"Western Cape Province";"Surfing";"M";"27";"No injury, board bitten";"N";"2.4 m [8'] white shark"
"1984";"Unprovoked";"Western Cape Province";"Spearfishing";"M";"28";"Swim fin bitten";"N";
"1984";"Unprovoked";"KwaZulu-Natal";"Surfing";"M";;"No injury, 8 pressure dings in surboard";"N";
"1984";"Watercraft";"Eastern Cape Province";"Rowing";"M";;"No injury to occupant, shark seized oar and disappeared with it.";"N";"2.5 m [8.25'] shark"
"1984";"Provoked";"Eastern Cape Province";"Fishing";"M";;"Leg lacerated by hooked shark PROVOKED INCIDENT";"N";"Raggedtooth shark, 56-kg [123-lb] "
"1984";"Provoked";"KwaZulu-Natal";"Scuba diving";"M";"33";"Punctures in wetsuit & left arm bruised by captive shark PROVOKED INCIDENT";"N";" 1.5 m [5'] dusky shark"
"1984";"Invalid";"Eastern Cape Province";;;;"Human remains recovered, evidence of scavenging by shark/s";;"Shark involvement prior to death was not confirmed"
"1984";"Unprovoked";"Eastern Cape Province";"Swimming";"M";"14";"Foot bitten";"N";"Raggedtooth shark, 1 m "
"1984";"Unprovoked";"KwaZulu-Natal";;"F";"14";"Remains recovered 1-4-1984 showed evidence of defense wounds";"Y";
"1983";"Unprovoked";"Eastern Cape Province";"Swimming";"M";"16";"Left calf, ankle & foot lacerated";"N";
"1983";"Unprovoked";"Eastern Cape Province";"Swimming";"M";"47";"Shin lacerated";"N";"Raggedtooth shark, >1 m "
"1983";"Invalid";"KwaZulu-Natal";;"M";;"Two feet found in 1.74 m, 115-kg Zambesi shark, confirmed as a postmortem scavenging";;"Invalid"
"1983";"Invalid";"KwaZulu-Natal";"Swimming";"F";;"Probable drowning and scavenging";;"Shark involvement prior to death was not confirmed"
"1983";"Unprovoked";"Western Cape Province";"Spearfishing";"M";"29";"Inner thighs lacerated";"N";"5 m [16.5'] white shark"
"1983";"Unprovoked";"Eastern Cape Province";"Surfing";"M";;"Left arm injured by shark's tail as it swam beneath his board";"N";"3 m to 4 m [10' to 13'] shark"
"1983";"Unprovoked";"Eastern Cape Province";"Fishing";"M";"27";"Puncture wounds to foot";"N";"Raggedtooth shark, 1.5 m [5'] (tooth fragment recovered)"
"1983";"Invalid";"KwaZulu-Natal";;"M";;"Survived";;"Questionable incident"
"1983";"Unprovoked";"KwaZulu-Natal";"Spearfishing";"M";"17";"Right calf lacerated";"N";"1.8 m [6'] Zambezi shark"
"1983";"Unprovoked";"Eastern Cape Province";"Surfing";"M";;"No injury, board bitten";"N";"Blacktip or spinner shark"
"1983";"Unprovoked";"KwaZulu-Natal";"Paddleskiing";"M";"16";"Puncture wounds to buttocks";"N";"3 m [10'] shark"
"1983";"Invalid";"KwaZulu-Natal";;"M";;"FATAL";;"Shark involvement prior to death was not confirmed"
"1983";"Unprovoked";"Western Cape Province";"Windsurfing";"M";"22";"Left foot lacerated";"N";
"1983";"Unprovoked";"Western Cape Province";"Spearfishing";"M";"32";"No injury, rammed by shark";"N";"White shark"
"1982";"Unprovoked";"Eastern Cape Province";"Surfing";"M";"16";"No injury, pressure ding on surfboard";"N";
"1982";"Unprovoked";"Eastern Cape Province";"Surfing";"M";"16";"No Injury, surfboard bitten";"N";"Believed to involve a 2.8 m [9'3""] white shark"
"1982";"Unprovoked";"Western Cape Province";"Swimming";"F";"18";"Left knee, lower leg & foot bitten";"N";
"1982";"Invalid";"KwaZulu-Natal";"Boogie boarding";"M";"20";"No injury, swim fin bitten";;"Invalid"
"1982";"Unprovoked";"Eastern Cape Province";"Paddleskiing";"M";"38";"No injury, ski bitten";"N";"2.4 m [8'] white shark, species identity confirmed by tooth fragment"
"1982";"Unprovoked";"Eastern Cape Province";"Surfing";"M";"27";"FATAL";"Y";"2.4 m [8'] white shark, species identity confirmed by witnesses & tooth pattern in surfboard"
"1982";"Provoked";"Western Cape Province";"Fishing";"M";;"Leg bitten above ankle by hooked shark taken aboard skiboat PROVOKED INCIDENT";"N";
"1982";"Unprovoked";"Eastern Cape Province";"Swimming";"M";"20";"Right shin & toe lacerated";"N";"Raggedtooth shark"
"1981";"Provoked";"Western Cape Province";"Inspecting teeth of supposedly dead (hooked & shot) shark";"M";;"Hand lacerated  PROVOKED INCIDENT";"N";"3.5 m [11.5'], 510-kg [1125-lb] hooked & shot white shark"
"1981";"Unprovoked";"Eastern Cape Province";"Surfing";"M";"32";"7 lacerations to right foot";"N";"Possibly a  1.8 m [6'] Zambezi shark"
"1981";"Unprovoked";"KwaZulu-Natal";"Catching sardines";"M";;"Laceration to calf";"N";"""gray shark"""
"1981";"Unprovoked";"Eastern Cape Province";"Surfing";"M";"27";"Shark & board collided. No injury, but board was dented";"N";"Raggedtooth shark"
"1981";"Unprovoked";"Eastern Cape Province";"Surfing";"M";"19";"No Injury, board bitten";"N";"Raggedtooth shark, 2.5 m [8.25'] "
"1981";"Unprovoked";"Eastern Cape Province";"Surfing";"M";"24";"Left leg bitten, surgically amputated";"N";"Tiger shark, 2.1 m [7']"
"1981";"Unprovoked";"KwaZulu-Natal";"Swimming";"M";"30";"Foot lacerated";"N";"Juvenile dusky or blacktip shark"
"1981";"Invalid";"KwaZulu-Natal";"Swimming";"M";"23";"Probable drowning & scavenging by 1.5 m tiger shark";;"Shark involvement prior to death was not confirmed"
"1980";"Unprovoked";"Eastern Cape Province";"Paddleskiing";"M";"25";"No injury, paddleski bitten";"N";"3.5 m [11.5'] shark"
"1980";"Invalid";"Eastern Cape Province";;;;"Probable drowning & scavenging";;"Shark involvement prior to death was not confirmed"
"1980";"Invalid";"KwaZulu-Natal";"Swimming";"M";;"Probable  drowning & scavenging";;"Shark involvement prior to death was not confirmed"
"1980";"Unprovoked";"Eastern Cape Province";"Surfing";"M";"22";"No injury, board bitten";"N";"1.8 m [6'] shark"
"1980";"Unprovoked";"KwaZulu-Natal";"Free diving";"M";"52";"FATAL";"Y";"Tiger shark"
"1980";"Provoked";"Western Cape Province";"Fishing";"M";"61";"Leg lacerated by netted shark PROVOKED INCIDENT";"N";"1.5 m [5'] hammerhead shark"
"1980";"Unprovoked";"KwaZulu-Natal";"Body boarding";"M";"24";"Both hands & heel of left foot lacerated, right foot severed";"N";"2.8 m [9'3""] white shark"
"1980";"Provoked";"KwaZulu-Natal";"Spearfishing";"M";"29";"No injury, rammed & catapulted from the water by shark after he shot at it & missed PROVOKED INCIDENT";"N";"2 m [6'9""] Zambesi shark"
"1980";"Unprovoked";"Eastern Cape Province";"Swimming";"M";;"Abrasion";"N";"Hammerhead shark"
"1980";"Unprovoked";"Eastern Cape Province";"Swimming";"M";"25";"3 small punctures on arm";"N";"Raggedtooth shark, 2 m [6'9""] "
"1980";"Invalid";"Eastern Cape Province";"Spearfishing";"M";"20";"No injury; 2 m shark made threat display and impaled itself on spear";;"Invalid"
"1979";"Unprovoked";"Eastern Cape Province";"Swimming";"M";"18";"Shin lacerated";"N";
"1979";"Provoked";"Western Cape Province";"Shark fishing";;;"No injury to occupants; hooked shark tore out part of transom, bit skeg of motor and snapped the steel trace PROVOKED INCIDENT";"N";"White shark, 5 m "
"1979";"Provoked";"Eastern Cape Province";"Fishing";"M";;"Bitten below right knee by hooked shark pulled onboard skiboat PROVOKED INCIDENT";"N";"Raggedtooth shark, 50-kg [110-lb], 2 m [6.75'] gaffed "
"1979";"Provoked";"Western Cape Province";"Spearfishing";"M";"25";"Shark rammed diver after he shot it in the head  PROVOKED INCIDENT";"N";"White shark, 2.5 m [8.25']  "
"1979";"Unprovoked";"KwaZulu-Natal";"Scuba diving";"M";;"FATAL (presumed), pieces of shark-bitten wetsuit washed ashore but no body was recovered";"Y";
"1979";"Watercraft";"Western Cape Province";;;;"No Injury";"N";
"1979";"Unprovoked";"Eastern Cape Province";"Surfing, collided with shark";"M";"19";"Punctures on left thigh";"N";"1.5 m to 2 m [5' to 6.75'] shark"
"1978";"Unprovoked";"KwaZulu-Natal";"Spearfishing";"M";"23";"FATAL, legs bitten ";"Y";"White shark, 2.3 m [7.5'], tooth fragment recovered"
"1978";"Invalid";"KwaZulu-Natal";"Fishing";"M";;"FATAL or scavenging by 3 m tiger shark (may have involved foul play)";;"Shark involvement prior to death was not confirmed"
"1978";"Unprovoked";"Western Cape Province";"Spearfishing";"M";"27";"No injury, shark took his catch, then towed & pushed diver through the water ";"N";"White shark, 3.7 m [12'] "
"1978";"Watercraft";"Eastern Cape Province";;;;"No injury to occupants; shark rammed boat 4 times, bit engine & cracked the hull";"N";
"1978";"Unprovoked";"Western Cape Province";"Fishing for mackerel";;;"Shark jumped in boat, but no injury to occupants";"N";"270 kg shark"
"1978";"Unprovoked";"Western Cape Province";"Diving";"M";;"No injury, rammed by shark";"N";"White shark"
"1978";"Unprovoked";"KwaZulu-Natal";"Surfing";"M";"17";"Left leg, ankle & foot bitten";"N";"Thought to involve a blacktip shark"
"1978";"Invalid";"KwaZulu-Natal";;"M";;"Human head recovered from 3 m [10'] tiger shark’s gut, probable drowning / scavenging";;"Shark involvement prior to death was not confirmed"
"1977";"Unprovoked";"Eastern Cape Province";"Surfing";"M";"18";"Both legs bitten, 2 days later gangrene necessitated surgical amputation of left leg at mid-thigh";"N";"Tiger shark, 3 m [10']"
"1977";"Watercraft";"Western Cape Province";"Fishing for bottom fish";;;"No injury to occupant: shark bit boat's port chine";"N";"3 m [10'] white shark (Tooth  recovered from boat)"
"1977";"Provoked";"Western Cape Province";"Standing";"M";;"Shark lacerated his hand when he grabbed it by the tail PROVOKED INCIDENT";"N";"1.5 to 2 m [5' to 6.75'] shark"
"1977";"Unprovoked";"Western Cape Province";"Spearfishing";"M";"25";"No injury, shark bit speargun & pushed diver through the water";"N";"White shark, 5 m [16.5'] "
"1977";"Watercraft";"Western Cape Province";"Fishing";"M";;"Shark leapt into boat, pinning Mamacos beneath and fracturing his pelvis, then trashed the boat rendering it inoperable";"N";"White shark"
"1977";"Watercraft";"Western Cape Province";"Fishing for yellowtail";"M";;"Lombard's thigh was lacerated by shark that leapt into boat ";"N";"Mako shark, 2.3 m, 150-kg  "
"1977";"Unprovoked";"Western Cape Province";"Swimming";"M";"31";"Right foot bitten";"N";
"1976";"Unprovoked";"Western Cape Province";"Thrashing the water / imitating the shark victim from ""Jaws""";"M";"19";"Torso bitten";"N";"White shark, 3 m [10'] k"
"1976";"Invalid";"KwaZulu-Natal";"Swimming";"M";"17";"Laceration to foot";;"Questionable incident"
"1976";"Provoked";"Western Cape Province";"Fishing for white shark";;;"No injury to occupants. Hooked shark bit boat's transom, PROVOKED INCIDENT";"N";"White shark, 4.8 m "
"1976";"Watercraft";"Western Cape Province";"Boat";;;"No injury to occupants, shark leapt on bow of boat";"N";"White shark"
"1976";"Unprovoked";"Eastern Cape Province";"Surfing";"M";"20";"Left thigh lacerated";"N";"White shark, 3.5 m [11.5'], species identity confirmed by tooth fragment"
"1976";"Watercraft";"Western Cape Province";"Competing in a light tackle game fishing";;;"Shark following hooked fish, rammed & holed boat";"N";"Mako shark, 180-kg [397-lb]"
"1976";"Watercraft";"Western Cape Province";"Fishing";;;"No injury to occupants, shark buckled prop shaft";"N";"Whale shark"
"1976";"Watercraft";"Western Cape Province";;;;"Shark breached hull of boat";"N";"White shark named “Spotty”"
"1976";"Watercraft";"Western Cape Province";;;;"Shark leapt into boat, hitting Fanie Schoeman on his back before sliding into the sea";"N";"White shark named “Spotty”"
"1976";"Watercraft";"Western Cape Province";"Shark watching";;;"No injury to occupants, shark rammed bow, driving its head into the hull";"N";"2.5 m [8.25'] white shark"
"1976";"Provoked";"Western Cape Province";"Shark fishing";;;"No injury to occupants, After shark was harpooned & shot, it holed the boat PROVOKED INCIDENT";"N";"4 m [13'] shark"
"1976";"Provoked";"Western Cape Province";"Fishing for snoek & yellowtail";;;"Hooked shark leapt onboard & into fish well, which it smashed PROVOKED INCIDENT";"N";"White shark, 3 m [10'] "
"1975";"Unprovoked";"KwaZulu-Natal";"Standing";"M";"33";"Left foot lacerated";"N";"Juvenile dusky shark"
"1975";"Unprovoked";"KwaZulu-Natal";"Paddleskiing";"M";"21";"Right foot & ankle lacerated";"N";"1.2 m [4'] shark"
"1975";"Unprovoked";"Eastern Cape Province";"Surfing";"M";"19";"Left leg & surfboard bitten";"N";"White shark, 2.4 m [8']"
"1975";"Invalid";"KwaZulu-Natal";;"M";;"Probable drowning / scavenging";;"Shark involvement prior to death was not confirmed"
"1975";"Unprovoked";"Western Cape Province";"Spearfishing Competition";"M";;"No injury, rammed by shark";"N";"White shark, 600-kg [1323-lb]"
"1975";"Invalid";"KwaZulu-Natal";"Swimming";"M";;"Probable drowning / scavenging by a white shark";;"Shark involvement prior to death was not confirmed"
"1975";"Provoked";"Western Cape Province";"Attempting to drag hooked shark ashore by its tail";"M";;"Left leg bitten  PROVOKED INCIDENT";"N";"1.5 m [5']  shark"
"1975";"Unprovoked";"KwaZulu-Natal";"Surfing";"M";"16";"Foot severed";"N";"1.5 m [5'] shark"
"1975";"Watercraft";"Western Cape Province";;;;"Shark bit rudder & hull";"N";"Mako shark, 3 m [10'] "
"1975";"Provoked";"Western Cape Province";"Fishing";"M";"12";"Foot bitten by shark he was gaffing  PROVOKED INCIDENT";"N";"Copper shark, 50-kg [110-b] "
"1974";"Unprovoked";"Western Cape Province";"Spearfishing";"M";"22";"Left knee lacerated";"N";"Raggedtooth shark, 1.5 m [5'] "
"1974";"Unprovoked";"Eastern Cape Province";"Standing";"M";"19";"Lower right leg lacerated";"N";
"1974";"Unprovoked";"KwaZulu-Natal";"Surfing";"M";"17";"Right foot lacerated";"N";"Juvenile dusky shark"
"1974";"Unprovoked";"KwaZulu-Natal";"Surfing";"M";"21";"No injury, surfboard bitten";"N";"1.8 m [6'] shark"
"1974";"Watercraft";"Western Cape Province";"Fishing for kob";;;"No injury to occupant, shark holed boat";"N";"White shark"
"1974";"Unprovoked";"KwaZulu-Natal";"Swimming";"M";"14";"Right calf removed, leg surgically amputated below the knee";"N";
"1974";"Unprovoked";"KwaZulu-Natal";"Swimming";"M";"19";"Right shin lacerated";"N";
"1974";"Watercraft";"Western Cape Province";"Fishing for red fish";;;"No injury to occupant, but  a shark chasing a hooked fish holed his boat above the waterline";"N";"5 m white shark"
"1974";"Watercraft";"Western Cape Province";"Fishing for kob";;;"No injury,  shark leapt into boat & bit one of the boat's seats";"N";"White shark"
"1974";"Unprovoked";"KwaZulu-Natal";"Sitting";"M";"42";"2 minor lacerations in foot";"N";"Raggedtooth shark, 1 m "
"1974";"Unprovoked";"KwaZulu-Natal";"Swimming";"M";"33";"Knee & calf lacerated";"N";"2 m to 2.5 m [6.75'  to 8.25'] shark"
"1973";"Sea Disaster";"KwaZulu-Natal";"Being pulled to shore from wreck of 25-ton fishing vessel Alan S";"M";;"FATAL, thigh bitten ";"Y";
"1973";"Unprovoked";"KwaZulu-Natal";"Spearfishing";"M";"26";"Hip bruised";"N";"2 m shark, possibly a dusky or blacktip shark"
"1973";"Provoked";"KwaZulu-Natal";"Fishing from paddleski";"M";;"Hooked & gaffed shark bit his right elbow PROVOKED INCIDENT";"N";"1 m shark"
"1973";"Unprovoked";"Eastern Cape Province";"Surfing";"M";"13";"No injury, surboard flung into air & dented";"N";
"1972";"Unprovoked";"Western Cape Province";"Treading water";"M";"29";"Lower left leg & foot bitten";"N";
"1972";"Unprovoked";"Western Cape Province";"Swimming";"M";;"No injury, swim fin bitten";"N";"White shark, > 3 m [10']"
"1972";"Unprovoked";"Eastern Cape Province";"Swimming";"M";"20";"FATAL, coroner's Verdict: ""Death presumably through shark attack & drowning""";"Y";
"1972";"Unprovoked";"KwaZulu-Natal";"Sitting in shallows";"F";"30";"Foot bitten";"N";"Zambesi shark"
"1971";"Unprovoked";"Western Cape Province";"Swimming";"F";"16";"Right forearm bitten";"N";"White shark, 3 m [10']rk"
"1971";"Unprovoked";"KwaZulu-Natal";"Swimming";"M";"25";"Wrist & hand lacerated";"N";"1.5 m to 2 m shark"
"1971";"Unprovoked";"Western Cape Province";"Surfing";"M";"21";"Leg & surfboard bitten";"N";"White shark, 3 m [10'], species identity confirmed by witnesses & tooth pattern in leg & board "
"1971";"Unprovoked";"Western Cape Province";"Swimming";"M";">50";"FATAL, multiple bites ";"Y";"White shark according to tooth pattern and witnesses"
"1970";"Provoked";"KwaZulu-Natal";"Scuba Diving";"M";"25";"2 cm laceration on knee PROVOKED INCIDENT";"N";"Raggedtooth shark, 2 m [6'9""], 5-year-old, captive female "
"1968";"Invalid";"KwaZulu-Natal";"Freediving";"M";;"No injury";;"Questionable incident"
"1968";"Unprovoked";"KwaZulu-Natal";"Spearfishing";"M";"28";"No injury, left elbow & torso bumped by sharks";"N";"2 scalloped hammerhead sharks, 1.5 m & 1.8 m [5' & 6']"
"1968";"Invalid";"KwaZulu-Natal";;"M";"30";"No injury";;"Questionable incident"
"1968";"Watercraft";"KwaZulu-Natal";"Fishing";"M";"22";"Shark leapt into boat, landed on Hlope's back, then bit his left forearm";"N";"90-kg ""blackfin"" shark"
"1968";"Unprovoked";"KwaZulu-Natal";"Wading & pushing dinghy toward  the shallows";"M";"35";"Left thigh lacerated";"N";"1.5 m to 1.8m [5' to 6'] shark"
"1967";"Unprovoked";"Western Cape Province";"Surfing";"M";"22";"Right ankle & foot bitten";"N";"1.5 m to 1.8 m [5' to 6'] shark"
"1967";"Invalid";"KwaZulu-Natal";;"F";;"Bones and brightly colored bangles recovered  3.35 m, 145.5-kg tiger shark’s gut ";;"Shark involvement prior to death was not confirmed"
"1967";"Unprovoked";"KwaZulu-Natal";"Spearfishing";"M";"32";"Punctures in right buttock & thigh, abrasion on right forearm";"N";"White shark, 3 m [10'] "
"1967";"Watercraft";"Western Cape Province";"Fishing for rock lobster";;;"Holed & sank boat, 1 man flung into water but ignored by the shark";"N";"White shark or thresher shark"
"1967";"Provoked";"Western Cape Province";"Spearfishing Competition";"M";;"No injury, shark bit support boat, removing pieces of wood after Gerricke shot it  PROVOKED INCIDENT";"N";"2.1 m [7'] sandtiger shark"
"1966";"Invalid";"KwaZulu-Natal";"Netting sharks";"M";;"No attack, no injury to occupant: a 400-lb grey shark bit nets in the water ";;"Invalid"
"1966";"Provoked";"Western Cape Province";"Helping men land a shark";"M";"33";"Left leg lacerated by hooked shark  PROVOKED INCIDENT";"N";"Copper shark"
"1966";"Unprovoked";"Eastern Cape Province";"Standing";"M";"16";"Right calf lacerated";"N";"1.5 m to 1.8 m [5' to 6'] Zambesi shark"
"1966";"Unprovoked";"KwaZulu-Natal";"Body surfing";"M";"15";"Lower legs bitten";"N";"1.8 m to 2 m [6' to 6'9""] shark"
"1965";"Unprovoked";"KwaZulu-Natal";"Treading water";"M";"25";"Abdomen, buttock, thigh, arm & hand bitten";"N";"1.8 m [6'], 136-kg [300-lb] shark "
"1965";"Unprovoked";"KwaZulu-Natal";"Paddling rescue ski";"M";"22";"No injury, ski bitten";"N";"White shark, 3.7 m [12'] "
"1965";"Unprovoked";"KwaZulu-Natal";"Body surfing";"M";"20";"Right thigh punctured";"N";
"1965";"Invalid";"Eastern Cape Province";"Bather";;;"No details";;"Questionable incident"
"1964";"Unprovoked";"Eastern Cape Province";"Swimming";"M";"19";"Hand, ankle & calf lacerated";"N";"Raggedtooth shark "
"1964";"Provoked";"KwaZulu-Natal";"Surf fishing";"M";;"Right leg bitten  while attempting to gaff hooked shark PROVOKED INCIDENT";"N";
"1964";"Unprovoked";"KwaZulu-Natal";"Searching for remains of  Dr. Marais";"M";"30";"No injury, shark charged & impaled itself on spear";"N";"Zambesi shark"
"1964";"Invalid";"KwaZulu-Natal";"Spearfishing ";"M";"52";"FATAL";"Y";
"1964";"Invalid";"KwaZulu-Natal";"Swimming";"M";"40";"Skeletonized, except for head & feet. Possibly a drowning / scavenging";;"Shark involvement prior to death was not confirmed"
"1964";"Unprovoked";"Western Cape Province";"Body boarding";"M";"25";"Right ankle lacerated";"N";"White shark, 1.5 m [5'] k"
"1964";"Unprovoked";"Eastern Cape Province";"Body surfing";"M";"39";"Heel & ankle bitten";"N";
"1964";"Unprovoked";"Eastern Cape Province";"Standing";"M";"17";"Heel bitten";"N";
"1964";"Watercraft";"Western Cape Province";"Shark watching";;;"No injury to occupants, shark holed  boat";"N";"White shark, 3.6 m [11'9""] "
"1964";"Unprovoked";"Western Cape Province";"Diving for sinkers";"M";;"Lacerations and puncture wounds in right arm ";"N";"2.1 m to 2.4 m  [7' to 8'] shark"
"1963";"Unprovoked";"KwaZulu-Natal";"Standing";"F";"20";"Right hand & foot severed, thigh & buttock lacerated";"N";"Zambesi shark, 1.8 m [6'] "
"1963";"Unprovoked";"KwaZulu-Natal";"Swimming ";"M";"24";"Lower leg bitten & foot severed, leg surgically amputated below knee";"N";"1.8 m [6']  shark"
"1963";"Unprovoked";"Eastern Cape Province";"Swimming";"M";"18";"FATAL, shoulders, arms, abdomen & foot bitten  ";"Y";
"1963";"Provoked";"KwaZulu-Natal";"Helping friend land hooked shark";"M";"13";"Foot lacerated  PROVOKED INCIDENT";"N";"Dusky shark, 1 m "
"1963";"Unprovoked";"Western Cape Province";"Spearfishing";"M";;"Foot lacerated";"N";"White shark, 1.7 m [5.5']"
"1963";"Unprovoked";"KwaZulu-Natal";"Splashing in surf";"M";"15";"FATAL, arm severed, leg bitten";"Y";"300- to 400-lb Zambesi shark"
"1963";"Unprovoked";"KwaZulu-Natal";"Swimming";"M";"15";"Buttock bitten";"N";
"1963";"Watercraft";"Western Cape Province";"Fishing ";;;"No injury to occupant, shark leapt inside boat";"N";"193-lb shark"
"1963";"Provoked";"Eastern Cape Province";"Fishing";"M";;"Foot bitten by shark hooked & taken on boat  PROVOKED INCIDENT";"N";"<1.5 m shark"
"1963";"Unprovoked";"KwaZulu-Natal";"Free diving, hunting crayfish";"M";"27";"Lacerations & punctures on left  forearm";"N";"1 m shark"
"1963";"Unprovoked";"KwaZulu-Natal";"Spearfishing";"M";"24";"Lacerations to right  arm";"N";"Zambesi shark, 2 m [6'9""] "
"1962";"Provoked";"KwaZulu-Natal";"Scuba diving";"M";;"Captive shark bit air hose & minor lacerations on diver's cheek PROVOKED INCIDENT";"N";"Dusky shark, 1 m "
"1962";"Watercraft";"Western Cape Province";"Fishing";;;"No injury to occupants, shark jumped onboard, knocking 2 anglers onto the deck";"N";"2 m [6'9""], 87.5-kg [193-lb]  shark"
"1962";"Unprovoked";"KwaZulu-Natal";"Spearfishing";"M";"30";"Arm lacerated (minor injury)";"N";
"1962";"Watercraft";"Western Cape Province";"Fishing";;;"No injury to occupants, shark hit boat, lifting it from the water, bit & dented propeller";"N";"4.3 m [14'] shark"
"1962";"Watercraft";"Western Cape Province";"On a ""shark hunt""";;;"No injury to occupants, shark charged boat, then 2 more sharks hit boat, oar grabbed, boat finally drifted ashore at 02h00";"N";"2.7 m to 3 m [9' to 10'] sharks"
"1962";"Unprovoked";"KwaZulu-Natal";"Wading";"M";"13";"Left ankle & foot bitten";"N";"Zambesi shark, 1.2 m [4'] "
"1962";"Provoked";"Eastern Cape Province";"Fishing";;;"Hooked shark bit boat PROVOKED INCIDENT";"N";"4.9 m [16']shark"
"1962";"Unprovoked";"KwaZulu-Natal";"Swimming";"M";"22";"FATAL, calf bitten twice";"Y";
"1962";"Unprovoked";"KwaZulu-Natal";"Treading water";"M";"13";"FATAL, tissue removed from thigh, femoral artery severed ";"Y";"White shark, 3 m "
"1962";"Invalid";"KwaZulu-Natal";"Fishing, slipped on rocks & fell into sea";"M";"40";"Possible drowning / post mortem scavenging by Zambesi shark";;"Shark involvement prior to death was not confirmed"
"1962";"Watercraft";"Western Cape Province";"Fishing";;;"Shark rammed boat 5 times & holed it";"N";
"1961";"Unprovoked";"KwaZulu-Natal";"Treading water";"M";"18";"Lower right leg & ankle bitten";"N";"Zambesi shark"
"1961";"Provoked";"Eastern Cape Province";"Diving";"M";;"Shark bit swimfin after diver kicked shark PROVOKED INCIDENT";"N";"2 m  ""yellow belly"" captive shark. Shark destroyed by aquarium staff next day"
"1961";"Provoked";"KwaZulu-Natal";"Fishing";"M";"44";"Landed shark in boat bit his left leg  PROVOKED INCIDENT";"N";"Zambesi shark, 4'9"""
"1961";"Unprovoked";"Western Cape Province";"Spearfishing, shark grabbed his white t-shirt and towed him ";"M";"27";"Torso bruised & abraded ";"N";"1.5 m [5'] shark"
"1961";"Unprovoked";"Eastern Cape Province";"Swimming";"M";"14";"FATAL, multiple injuries to both legs, feet & left arm  ";"Y";"2.1 m [7'], 90-kg shark"
"1961";"Watercraft";"Western Cape Province";"Fishing for kob";;;"No injury to occupants, shark took a gaffed fish they were bringing aboard & hit their boat";"N";"4.6 m [15'] shark"
"1961";"Unprovoked";"KwaZulu-Natal";"Swimming";"M";"15";"Left thigh bitten ";"N";"White shark"
"1961";"Unprovoked";"KwaZulu-Natal";"Standing";"M";"13";"Right foot, leg and hand bitten";"N";"White shark, based on bite pattern"
"1961";"Unprovoked";"Western Cape Province";"Standing";"M";"25 or 28";"Lower left leg bitten, abrasions on back of right leg";"N";
"1961";"Invalid";"KwaZulu-Natal";;;;"Human remains (patella & remnants of black swim suit) found in 147-kg raggedtooth shark";;"Shark involvement prior to death was not confirmed"
"1960";"Unprovoked";"KwaZulu-Natal";"Swimming";"M";"25";"FATAL, legs severed ";"Y";"White shark, 3 m [10'], tooth fragment from wounds identified as that of a white shark"
"1960";"Watercraft";"Western Cape Province";"Hand lining for shad";;;"No injury to occupants, shark bit 45 cm hole in hull";"N";"White shark (tooth fragments recovered from hull of boat)"
"1960";"Watercraft";"Western Cape Province";"Fishing for rock lobsters";;;"No injury to occupants, shark rammed & bit  boat";"N";"White shark, 3.7 m to 4.6 m [12' to 15'] "
"1960";"Watercraft";"Western Cape Province";"Fishing";;;"Shark rammed boat, breaching its hull";"N";"White shark, 18 mm tooth fragment  recovered from the hull"
"1960";"Unprovoked";"KwaZulu-Natal";"Treading water";"M";"16";"Multiple major injuries";"N";"White shark, 2.1 m [7']  based on tooth pattern"
"1960";"Provoked";"Eastern Cape Province";"Fishing";"M";;"Gaffed shark bit his ankle PROVOKED INCIDENT";"N";"Raggedtooth shark, 100-lb "
"1960";"Watercraft";"Western Cape Province";"Fishing";;;"Shark rammed boat & bit transom";"N";"White shark (tooth fragments recovered)"
"1960";"Provoked";"Western Cape Province";"Standing, watching seine netters";"F";;"Left leg bitten by shark that escaped net  PROVOKED INCIDENT";"N";
"1960";"Unprovoked";"Eastern Cape Province";"Wading";"F";;"Heel lacerated, hand lacerated & abraded";"N";"2.1 m [7'] shark"
"1959";"Watercraft";"Western Cape Province";"Fishing for tunny";;;"R. Roberts' leg was bruised when shark leapt into boat";"N";"Thresher shark, 3.7 m [12'] "
"1959";"Provoked";"Eastern Cape Province";"Spearfishing";"M";"23";"No injury, diver shot shark & it bit his speargun PROVOKED INCIDENT";"N";"White shark, 2.7 m [9'], 280-lb "
"1959";"Unprovoked";"Eastern Cape Province";"Fishing";"M";;"2 toes bitten off ";"N";
"1959";"Unprovoked";"KwaZulu-Natal";"Treading water";"M";"14";"Leg severed below knee";"N";"1.8 to 2.1 m [6' to 7'] shark"
"1959";"Unprovoked";"Western Cape Province";"Swimming";"M";"18";"Thigh & both wrists lacerated";"N";"White shark, 1.8 m to 2.1 m [6' to 7']  according to Shreuder and a witness"
"1958";"Unprovoked";"Western Cape Province";"Swimming";"M";"14";"FATAL";"Y";
"1958";"Invalid";"Western Cape Province";"Fishing";"M";;"No injury, shark leapt at him";;"Questionable incident"
"1958";"Invalid";"KwaZulu-Natal";"Spearfishing";"M";;"Injuries not caused by sharks";;"Invalid"
"1958";"Unprovoked";"KwaZulu-Natal";"Paddling in knee-deep water";"F";"28";"FATAL";"Y";"3 m [10'] shark"
"1958";"Unprovoked";"KwaZulu-Natal";"Swimming with goggles";"M";"29";"FATAL, arm severed above elbow, abdomen & leg bitten  ";"Y";"3 m [10'] shark"
"1958";"Unprovoked";"KwaZulu-Natal";"Swimming";"M";;"FATAL";"Y";"White shark"
"1958";"Boat";"Western Cape Province";"Fishing (trolling)";;;"No injury to occupants; shark bit propeller";"N";"White shark"
"1958";"Unprovoked";"KwaZulu-Natal";"Fishing, walking in river to cast";"M";;"FATAL, right leg severed above knee  ";"Y";
"1957";"Unprovoked";"KwaZulu-Natal";"Standing";"F";"14";"Left arm severed, torso bitten, thigh lacerated, many abrasions";"N";"1.8 m [6'] shark"
"1957";"Unprovoked";"KwaZulu-Natal";"Skindiving";"M";"20";"Lacerations on head & neck";"N";
"1957";"Unprovoked";"KwaZulu-Natal";"Floating";"M";"23";"FATAL, right arm broken & stripped of flesh, left hand severed above wrist, lower abdomen, buttocks & thigh bitten  ";"Y";">3 m [10'] shark"
"1957";"Unprovoked";"KwaZulu-Natal";"Standing";"M";"15";"FATAL, multiple, severe injuries  ";"Y";
"1957";"Unprovoked";"KwaZulu-Natal";"Body surfing";"M";"16";"Left leg severed at knee, part of left thigh removed";"N";
"1957";"Unprovoked";"KwaZulu-Natal";"Wading";"M";"12";"FATAL";"Y";
"1956";"Unprovoked";"Western Cape Province";"Free diving for sinkers";"M";"29";"Right heel lacerated & swim fin removed by shark";"N";"White shark, according to witnesses"
"1956";"Unprovoked";"KwaZulu-Natal";"Free diving for crayfish";"M";"23";"No injury, right swim fin bitten";"N";
"1956";"Watercraft";"Western Cape Province";"Fishing";;;"No injury, sharks bit propellers, etc";"N";"White shark"
"1955";"Unprovoked";"KwaZulu-Natal";"Crossing the bay at the ford";"M";;"FATAL, leg bitten ";"Y";
"1954";"Unprovoked";"KwaZulu-Natal";"Swimming";"M";"16";"Shallow lacerations on torso";"N";
"1953";"Unprovoked";"Eastern Cape Province";"Swimming";"F";;"Left calf lacerated";"N";"Said to involve a >4 m [13'] shark"
"1953";"Unprovoked";"Eastern Cape Province";"Swimming";"M";"23";"Lacerations to arm";"N";
"1952";"Invalid";"Eastern Cape Province";;"M";"18";"Possibly drowned, remains recovered days later in gut of  113-kg [249-lb]  female Zambesi shark ";;"Shark involvement prior to death was not confirmed"
"1951";"Unprovoked";"KwaZulu-Natal";"Swimming";"M";"23";"Thigh bruised & abraded";"N";"White shark, 1.8 m [6'] "
"1951";"Unprovoked";"KwaZulu-Natal";"Treading water";"M";"24";"Leg severed below knee, defense wounds on hand";"N";"White shark, 2.4 m [8'] "
"1951";"Unprovoked";"KwaZulu-Natal";"Body surfing";"M";"19";"Left foot lacerated";"N";
"1951";"Unprovoked";"Eastern Cape Province";"Body surfing";"M";"31";"Leg bitten, defense wounds on hands";"N";"136-kg [300-lb] shark"
"1951";"Unprovoked";"KwaZulu-Natal";"Swimming";"M";"19";"FATAL, right thigh bitten, leg severed at knee";"Y";
"1950";"Unprovoked";"KwaZulu-Natal";"Treading water";"M";"27";"Left foot bitten";"N";
"1950";"Unprovoked";"Eastern Cape Province";"Fishing, sitting in stern of small boat, feet dangling in the water";"M";;"Shark bit foot, removing 2 toes";"N";"2.13 m shark"
"1950";"Unprovoked";"Eastern Cape Province";"Wading";"M";;"Ankle & foot lacerated, defense wounds on hand";"N";"1.5 m to 1.8 m [5' to 6'] “spear-eye” shark "
"1950";"Unprovoked";"KwaZulu-Natal";"Lifesaving drill";"M";"20";"FATAL";"Y";
"1950";"Unprovoked";"KwaZulu-Natal";"Body surfing";"M";"14";"FATAL, body not recovered ";"Y";"White shark, 3.7 m [12']  according to witnesses"
"1948";"Provoked";"Western Cape Province";"Bringing hooked, harpooned shark onboard boat";"M";;"Groenwald's arm lacerated by the shark PROVOKED INCIDENT";"N";
"1948";"Watercraft";"Western Cape Province";"Fishing";;;"No injury to occupants, boat holed by shark";"N";
"1947";"Invalid";"KwaZulu-Natal";;;;"Human remains, possibly one of the crew of the wrecked fishing boat John Bull. found in 277-kg tiger shark.";;"Shark involvement prior to death not confirmed"
"1947";"Unprovoked";"KwaZulu-Natal";"Swimming";"M";"20";"Right thigh lacerated";"N";
"1947";"Unprovoked";"KwaZulu-Natal";"Treading water";"M";"21";"Ankle & shin lacerated";"N";"1.5 m, 45-kg shark"
"1947";"Unprovoked";"KwaZulu-Natal";"Body surfing";"M";"14";"Thigh severely lacerated, shin & calf lacerated";"N";
"1947";"Unprovoked";"KwaZulu-Natal";"Wading";"M";"18";"Hip abraded, right calf severely lacerated";"N";
"1947";"Unprovoked";"KwaZulu-Natal";"Treading water";"M";"22";"Lacerations on buttock  &  right foot ";"N";"Blacktip shark, 2 m [6.75'] "
"1947";"Unprovoked";"KwaZulu-Natal";"Treading water";"M";"18";"Flexed left leg lacerated";"N";">1.6 m shark"
"1946";"Unprovoked";"KwaZulu-Natal";"Treading water";"M";"21";"Right arm severely lacerated";"N";
"1946";"Unprovoked";"KwaZulu-Natal";"Swimming ";"M";"18";"Flexed right  knee bitten";"N";
"1946";"Unprovoked";"KwaZulu-Natal";"Treading water";"M";"15";"Knee & calf lacerated";"N";
"1946";"Unprovoked";"KwaZulu-Natal";"Swimming";"M";;"Foot severely lacerated";"N";
"1946";"Unprovoked";"Western Cape Province";"Jumping in swells";"M";"18";"Foot bitten";"N";"1.5 m [5'] shark"
"1946";"Unprovoked";"Eastern Cape Province";"Body surfing";"M";"24";"Calf lacerated";"N";
"1946";"Watercraft";"Western Cape Province";;;;"No injury to occupants, shark struck boats+K1581";"N";
"1946";"Watercraft";"Western Cape Province";;;;"Shark holed and sank boat, occupants rescued";"N";
"1945";"Unprovoked";"KwaZulu-Natal";"Walking";"M";"37";"Right leg bitten knee to foot, surgically amputated";"N";"Thought to involve a Zambesi shark"
"1944";"Unprovoked";"KwaZulu-Natal";"Swimming ";"M";"19";"FATAL, body not recovered";"Y";
"1944";"Unprovoked";"Western Cape Province";"Swimming";"M";"17";"FATAL, body not recovered";"Y";"White shark, according to witnesses"
"1944";"Unprovoked";"KwaZulu-Natal";"Treading water";"M";"18";"Left thigh bitten";"N";
"1944";"Unprovoked";"KwaZulu-Natal";"Standing";"M";"23";"FATAL, left thigh & calf bitten  ";"Y";
"1944";"Unprovoked";"KwaZulu-Natal";"Treading water";"M";"16";"Ankle severely lacerated";"N";
"1944";"Unprovoked";"Western Cape Province";"Treading water";"M";;"Foot & ankle lacerated";"N";"2.1 m [7'] shark"
"1944";"Unprovoked";"KwaZulu-Natal";"Body surfing";"M";"22";"FATAL, right thigh lacerated, femoral artery severed ";"Y";
"1944";"Unprovoked";"KwaZulu-Natal";"Swimming";"M";"26";"FATAL, leg bitten knee to ankle & posterior tibial artery severed; died of toxemia 2 days later ";"Y";
"1943";"Unprovoked";"KwaZulu-Natal";"Treading water";"M";"17";"FATAL, abdomen, buttock & thigh lacerated  ";"Y";
"1943";"Unprovoked";"Eastern Cape Province";"Swimming with board";"M";;"Right foot lacerated";"N";
"1943";"Unprovoked";"KwaZulu-Natal";"Swimming";"M";"31";"FATAL, thigh lacerated, both calves bitten  ";"Y";
"1942";"Sea Disaster";"KwaZulu-Natal";"U-177 torpedoed & sank the troopship Nova Scotia";"M";;"192 survived, but 750 perished. Many were taken by sharks, including Levine";"Y";"1.8 m to 2.4 m [6' to 8'] sharks, most were oceanic whitetip sharks"
"1942";"Unprovoked";"KwaZulu-Natal";"Swimming";"M";"38";"Calf bitten, leg surgically amputated";"N";
"1942";"Unprovoked";"Western Cape Province";"Swimming ";"M";"18";"FATAL, body not recovered";"Y";"White shark, 4.5 m  to 6 m [14'9"" to 20'] according to witnesses"
"1942";"Watercraft";"Western Cape Province";;;;"No injury to occupants, boat rammed by shark";"N";
"1942";"Watercraft";"Western Cape Province";;;;"No injury";"N";"Said to involve a 6.5 m [21.5'] shark"
"1940";"Unprovoked";"KwaZulu-Natal";"Swimming";"M";"17";"FATAL, multiple injuries to legs & buttocks ";"Y";
"1940";"Unprovoked";"KwaZulu-Natal";"Treading water";"M";"25";"FATAL, right thigh & calf bitten ";"Y";"White shark, species identity confirmed by tooth pattern"
"1940";"Unprovoked";"KwaZulu-Natal";"Swimming";"M";"17";"FATAL, left thigh & knee bitten ";"Y";"White shark, 160-kg [353-lb], identity confirmed by tooth pattern"
"1940";"Unprovoked";"KwaZulu-Natal";"Swimming ";"M";"18";"FATAL, leg & thigh bitten  ";"Y";"2.4 m [8'] shark"
"1940";"Invalid";"Eastern Cape Province";"Swimming";;;"No details";;"Questionable incident"
"1940";"Invalid";"KwaZulu-Natal";;"F";;"FATAL";;"Questionable incident"
"1940";"Invalid";"Eastern Cape Province";"Standing in water with child in her arms";"F";;"Leg bitten";;"Questionable incident"
"1938";"Provoked";"KwaZulu-Natal";"Watching seine netters with friends, one of whom picked up a netted shark";"M";"13";"Leg bitten PROVOKED INCIDENT";"N";
"1938";"Unprovoked";"KwaZulu-Natal";"Swimming";"M";;"""Mauled""";"N";
"1936";"Watercraft";"Western Cape Province";"Fishing, catching snoek, Thyrsites atun";;;"Shark leapt onboard & into fishwell, tossing a crew member, Pepino, in the sea";"N";
"1935";"Provoked";"KwaZulu-Natal";"Put foot inside a landed & supposedly dead shark";"M";;"Foot bitten, required 1 week hospitalization PROVOKED INCIDENT";"N";"White shark, 246-kg "
"1935";"Provoked";"KwaZulu-Natal";"Put foot inside mouth of supposedly dead shark";"M";;"Injury to foot    PROVOKED INCIDENT";"N";
"1934";"Unprovoked";"KwaZulu-Natal";"Swimming";"M";;"FATAL";"Y";
"1934";"Unprovoked";"KwaZulu-Natal";"Swimming ";"M";"12";"Right thigh lacerated";"N";
"1932";"Unprovoked";"Eastern Cape Province";"Collecting fish by lamplight in gully";"M";"23";"Right shin, calf and sole of foot lacerated";"N";"Raggedtooth shark, 1.2 m to 1.5 m [4' to 5'] "
"1930";"Invalid";"Eastern Cape Province";;"M";"17";"Remains of drowning victim recovered from 250-lb female ""blue fin"" shark";;"Shark involvement prior to death unconfirmed"
"1930";"Unprovoked";"Western Cape Province";"Swimming";"M";"23";"Torso & arm bitten";"N";"White shark, 4.5 m [14'9""], identity confirmed by witness & tooth pattern"
"1930";"Unprovoked";"Eastern Cape Province";"Swimming";"M";;"FATAL";"Y";
"1928";"Unprovoked";"Eastern Cape Province";;"F";;"Leg lacerated";"N";
"1928";"Unprovoked";"Eastern Cape Province";"Body surfing";"M";"18";"Foot bitten";"N";"1.2 m [4'] shark"
"1928";"Unprovoked";"KwaZulu-Natal";"Standing";"M";"25";"Tissue of right thigh removed to the bone, both thumbs & some fingers severed ";"N";
"1927";"Unprovoked";"Western Cape Province";"Swimming";"M";"17";"FATAL, leg bitten  ";"Y";"White shark, 4.4 m [14.5'] . "
"1927";"Unprovoked";"Eastern Cape Province";"Body surfing";"M";;"Both thighs  lacerated";"N";"Raggedtooth shark, 1.5 m [5'] "
"1926";"Unprovoked";"Eastern Cape Province";"Swimming";"M";;"Thigh lacerated";"N";"""a blue shark"""
"1926";"Unprovoked";"Western Cape Province";"Swimming to mail boat";"M";;"No details";"UNKNOWN";
"1924";"Unprovoked";"KwaZulu-Natal";"Swimming";"M";"22";"FATAL";"Y";
"1924";"Unprovoked";"Eastern Cape Province";"Swimming";"M";;"Foot lacerated";"N";
"1922";"Unprovoked";"Western Cape Province";"Swimming";"M";"18";"Abdomen & thigh bitten";"N";"White shark, 12', identity confirmed by tooth fragment, witness and photograph of captured shark "
"1920";"Unprovoked";"Eastern Cape Province";"Floating face down";"F";"18";"Abdomen bitten";"N";
"1920";"Unprovoked";"KwaZulu-Natal";"Splashing";"M";"12";"Thigh & buttocks bitten. Not known if he survived.";"N";
"1914";"Unprovoked";"KwaZulu-Natal";;"F";;"No details";"UNKNOWN";
"1912";"Invalid";"KwaZulu-Natal";;"M";;;;"Shark involvement prior to death unconfirmed"
"1911";"Unprovoked";"Western Cape Province";"Bathing";"M";"64";"FATAL, partial remains recovered";"Y";
"1911";"Unprovoked";"Western Cape Province";"Swimming";"M";;"FATAL";"Y";
"1909";"Unprovoked";"Western Cape Province";;"M";;"Remains of soldier in uniform. Probable drowning & scavenging";"Y";"18-foot shark"
"1909";"Sea Disaster";"South Atlantic Ocean";"Wreck of the 1308-ton Norwegian ship Auckland";"F";;"FATAL";"Y";
"1908";"Unprovoked";"Western Cape Province";"Swimming";"M";"16";"FATAL";"Y";
"1906";"Unprovoked";"KwaZulu-Natal";"Washing horses";"M";"30";"FATAL, hips & thigh bitten ";"Y";"1.8 m to 2.7 m [6' to 9'] shark"
"1905";"Unprovoked";"KwaZulu-Natal";"Floating or standing";"M";;"FATAL, left torso, buttocks, thigh & foot bitten ";"Y";"2.4 m [8'] shark"
"1905";"Unprovoked";"KwaZulu-Natal";"Swimming";"M";"26";"FATAL, thigh bitten, femoral artery severed  ";"Y";
"1902";"Invalid";"Eastern Cape Province";"Swimming";"M";;"Probable drowning & scavenging";;"Questionable"
"1902";"Invalid";"KwaZulu-Natal";;"M";;"Possible drowning & scavenging. Remains were recovered from a 15' shark's gut";;"Questionable"
"1901";"Unprovoked";"Western Cape Province";"Swimming";"M";"29";"Right leg bitten & foot severed, right arm bitten, bones fractured & nearly severed FATAL";"Y";"White shark"
"1900";"Unprovoked";"Western Cape Province";"Swimming";"M";"30";"FATAL, legs severed";"Y";
"1900";"Invalid";"Western Cape Province";"Swimming";"M";;"Probable drowning & scavenging";;"Questionable"
"1900";"Unprovoked";"Eastern Cape Province";"Swimming";"M";;"Leg severed";"N";
"1899";"Unprovoked";"KwaZulu-Natal";"Dangling feet in the water";"M";;"Foot severed ";"N";
"1897";"Unprovoked";"KwaZulu-Natal";"Wading after stray fish from seine netter’s catch";"M";;"FATAL";"Y";
"1895";"Unprovoked";"Eastern Cape Province";"""Crossing the river""";"M";"28";"FATAL, right arm lacerated ";"Y";
"1894";"Unprovoked";"Western Cape Province";"Swimming after harpooned whale capsized boat";"M";;"FATAL";"Y";
"1890";"Invalid";"Eastern Cape Province";;"M";;"Forensic evidence indicated death resulted from drowning, his body was subsequently scavenged by a shark";;"Invalid"
"1890";"Unprovoked";"KwaZulu-Natal";"Bathing";"M";;"FATAL, leg bitten, foot partly severed ";"Y";
"1888";"Unprovoked";"Eastern Cape Province";"Crossing the river mouth";"M";;"FATAL";"Y";
"1887";"Provoked";"Western Cape Province";;;;"Harpooned shark, bit boat, causing it to ship water. Boat reached shore in sinking condition PROVOKED INCIDENT";"N";"4.7 m [15.5'] shark"
"1887";"Unprovoked";"Eastern Cape Province";"Swimming";"M";"13";"FATAL, flesh removed hip to knee, calf & heel bitten ";"Y";
"1886";"Unprovoked";"Eastern Cape Province";"Diving off jetty";"M";;"Chest & buttocks bitten, left leg severed at knee";"N";
"1886";"Unprovoked";"Western Cape Province";"Swimming";"M";;"FATAL. Partial remains washed ashore the next day";"Y";
"1885";"Unprovoked";"KwaZulu-Natal";"Fishing";"M";;"No injury to occupant, rammed oar in shark's mouth and it bit the oar ";"N";"3 m [10'] shark"
"1884";"Unprovoked";"Eastern Cape Province";"Swimming";"M";;"FATAL";"Y";
"1878";"Sea Disaster";"Western Cape Province";"Wreck of the Union Steamship Company 982-ton iron steamer Kafir";"M";;"FATAL, shark removed large part of his hip";"Y";
"1877";"Invalid";"KwaZulu-Natal";"Body found floating next to his ship";"M";;"Although his body was bitten by a shark/s, bruises on his neck & face suggested foul play & a shipmate taken into custody but no charges made";;"Shark involvement prior to death unconfirmed"
"1875";"Invalid";"KwaZulu-Natal";;;;"Press reported that a 3 m shark  was caught with human remains in its gut, but  remains were those of a porpoise according to medical examiner";;"Invalid"
"1865";"Watercraft";"Western Cape Province";"Fishing";"M";;"FATAL: Boat capsized, sharks took fishermen";"Y";
"1863";"Invalid";"KwaZulu-Natal";"Swimming, caught in strong backwash & disappeared";"M";"26";"3.2 m [10.5'] shark caught 9 days later contained human remains thought to be those of Canham";;"Shark involvement prior to death unconfirmed"
"1862";"Unprovoked";"KwaZulu-Natal";;"M";;"""Very severe wounds""";"N";
"1862";"Unprovoked";"KwaZulu-Natal";"Bathing";"M";;"Lacerations";"N";
"1852";"Unprovoked";"KwaZulu-Natal";"Swimming from capsized boat";"M";;"FATAL";"Y";
"1852";"Sea Disaster";"Western Cape Province";"Wreck of the steamship Birkenhead";"M";;"FATAL. All of the women & children on board survived, but many of the 445 men that perished were taken by sharks";"Y";"White sharks"
"0000";"Unprovoked";"Western Cape Province";"Swimming";"M";;"FATAL, body not recovered";"Y";
"0000";"Unprovoked";"Eastern Cape Province";"Crossing river on a raft";"M";;"FATAL, leg severed";"Y";
"0000";"Unprovoked";"Western Cape Province";"Wading";"F";;"Ankle bitten";"N";
"0000";"Unprovoked";"KwaZulu-Natal";"Swimming in pool formed by construction of a wharf";"M";;"FATAL, leg severed ";"Y";
"0000";"Unprovoked";"KwaZulu-Natal";"Crew swimming alongside their anchored ship";"M";;"FATAL";"Y";
"0000";"Unprovoked";"KwaZulu-Natal";"4 men were bathing";"M";;"FATAL";"Y";
"0000";"Unprovoked";"KwaZulu-Natal";"Fishing";"M";;"FATAL, body not recovered but shark was caught with the man's loincloth in its gut shortly afterwards.";"Y";
"0000";"Unprovoked";"KwaZulu-Natal";"Wading";"M";;"FATAL, leg stripped of flesh  ";"Y";
